ID,Priority,Outcome,Implementation,Acceptance criteria,Suggested owner,Dependencies,Status
F01,P0,Unify financial report populations,Common source-aware reporting views and metric dictionary,Marketplace-only and mixed-stream totals equal complete drilldowns,Backend + finance,Metric definitions,Built + committed 6141ac8 (plan 1.7); not deployed
F02,P0,Preserve inventory carrying cost,Opening inventory and known/unknown cost states without duplicate payable,Already-paid stock retains cost; missing cost marks margin provisional,Backend + finance,Opening stock evidence,Built 4 Oct (plan 1.3; migration 038); not committed or deployed. Waiting on finance owner's opening values and SL-837D20E3
F03,P0,Enforce receipt unit and date,Derive units and validate historical lot availability,Bird receipt rejects kg consumption without explicit conversion; no unsupported backdated stock,Backend,None,"Units done, committed d579d24 (plan 1.5); dated stock checks pending (plan 2.2). Part 2 built 5 Oct 2026 (plan 2.2; migration 040): every stock change replayed by date (lots.StockGuard), no use before receipt, late entries (>7 days) admin-only with a reason; tests/test_stock_dates.py. Not committed or deployed."
F04,P0,Separate money from allocations,"Transfer ledger, unapplied credit, reallocation and actual refunds",Reallocation leaves cash unchanged; transfer balances to allocations plus credit/refunds,Backend + finance,Payment classification,Built + committed d579d24 (plan 1.2); not deployed
F05,P0,Reconcile actual cash accounts,"Opening balances, account identities, statements and cash counts",Each reported account balance ties to evidence; transfers eliminate on consolidation,Backend + finance,Verified opening balances; F01; F04,"Built 5 Oct 2026 (plan 2.3; migration 041; backend/app/accounts.py); not committed or deployed. Accounts with verified opening balance at a cutoff; new entries name their account; unassigned bucket and evidence-only historical assignment (classify_accounts); transfers, fees, counts and statement balances with differences listed. Waiting on D6 balances."
F06,P0,Correct debt without erasing real cost,Reason-specific correction with source obligation links,Wrong supplier correction preserves COGS and unrelated receipt cost,Backend,F02; F04,Built + committed d579d24 (plan 1.4); not deployed
F07,P1,Use economic recognition dates,Separate delivery recognition from creation and payment dates,September order delivered October reports revenue and cost in approved period,Backend + finance,Recognition policy; F01,"Built 6 Oct 2026 (plan 2.5; migration 044; backend/app/recognition.py, buyer_orders.py); not committed or deployed. orders.recognized_on set on delivery, used by revenue and cost; reopen/return reverses in its own period (order_recognition_reversals), earlier periods unchanged. Backfill only unambiguous history; the rest unresolved, listed in the exception report, dated with evidence (python -m app.recognition --apply). Staff buyer orders: commitment until delivered, then a direct sale on the delivery day with deposits applied. tests/test_recognition.py (5), tests/test_buyer_orders.py (5); Playwright buyer-orders.spec.ts."
F08,P1,Expose receipt invoice status on sales,Linked receipt payable drilldown without duplicate liability,Unpaid receipt remains visible even if sale-created supplier balance is zero,Frontend + backend,F01; F04,"Built 6 Oct 2026 (plan 2.4; finance.stock_sources); not committed or deployed. Each sale line from a delivery note, LPO line or opening stock shows its receipt invoice(s), paid (by transfer or from supplier credit), balance and the supplier's unapplied credit, linked to the note / LPO / debt; information only, never in the sale's figures. tests/test_sale_stock_sources.py (4); Playwright duplicates.spec.ts."
F09,P1,Unify physical stock movements,"Receipt, sale, loss, return and count movements linked to commitments",500 registered / 100 received / 20 sold scenario reconciles; loss and return reduce stock correctly,Backend + operations,F03; stock policy,"Built 5 Oct 2026 (plan 2.1; migration 039; backend/app/lots.py); not committed or deployed. Dated lot movements read from existing records; stock counts and opening stock losses; deliveries name the reservation they fill; batch flow for staff, app and portal; Stock pages. Scenario 500/100/20 + 3 dead + 2 returned reconciles on every date (tests/test_lots.py). Earlier: M1.6 batch sales become delivery notes (4 Oct)."
F10,P1,Retain revisions and close periods,"Before/after financial revisions, reasons, effective dates and period locks",Paid sale edits retain evidence; closed period requires approved adjustment or reopening,Backend + finance,F04; F06; recognition policy,Open
F11,P1,Detect duplicate actual transfers,Provider/account transaction identity and likely-duplicate warnings,Same provider transfer entered with new retry key is detected,Backend,F04; account identities,"Built 6 Oct 2026 (plan 2.6; migration 043; backend/app/duplicates.py); not committed or deployed. money_references: (method, money account, normalised reference) unique while live (partial unique index); history claims only the earliest per identity, later ones listed in the exception report. No reference: same party/amount/day/direction refused unless overridden with a reason (duplicate_overrides). tests/test_duplicates.py (8); Playwright duplicates.spec.ts."
F12,P1,Preserve disputed payout attempts,"Separate settlement obligation, transfers and acknowledgments",Resend retains both attempts and correctly handles failed transfer or actual refund,Backend + finance,F04; F11,"Built 6 Oct 2026 (plan 2.7; migration 045; backend/app/payouts.py, approvals.py); not committed or deployed. settlement_transfers (initiated / debited / failed, each with evidence), settlement_refunds (separate dated inflows, append-only, never more than debited), approval_requests (D9: every resend and any first payout over approvals.SECOND_ADMIN_THRESHOLD = TZS 500,000 needs a second admin; DB refuses self-approval). Net paid = debited - refunds; in flight and possibly-paid-twice shown separately. Backfill: each paid settlement = one debited legacy attempt; overwritten resends listed in the exception report, never invented. tests/test_payout_attempts.py (8); Playwright payout-attempts.spec.ts."
F13,Resolved,Keep pagination regression,Correct stale comments and preserve regression test,66 rows at 10 per page yields seven reachable pages irrespective of actionable count,Frontend,None,Arithmetic fixed at 5aa01a9; regression tests added 2026-10-03 (backend + Playwright)
F14,P1,Separate expense count and money totals,Stable paging total plus filtered incurred/paid/outstanding summary,Search/status/date/category totals match rows without breaking page count,Backend + frontend,Metric definitions,Built + committed (plan 1.1); not deployed
F15,P1,Complete financial classifications,Finance-approved chart and balanced postings or accounting integration,"Opening balances and one period reconcile; inventory, assets, loans and advances classified distinctly",Finance + backend,F01; F02; F04; F05; F07; F10,Open
F16,P1,Build forecasts on reconciled actuals,Versioned 13-week cash and 12-month operating scenarios with variance analysis,Opening forecast equals reconciled cash; assumptions traceable; scenario and roll-forward tests pass,Finance + backend + frontend,F05; F07; F09; F15,Open
F17,P2,Strengthen operational assurance,"Approval thresholds, reporting snapshots, monitoring and restore drills",Approval and recovery exercises pass; consistent snapshot totals at expected workload,Platform + finance,Core correctness fixes,Open
